Execucao,Linha,Coluna,Menor Soma Global,IndiceI,IndiceJ,alturaMenorXlarguraMenor,Submatrizes Percorridas,Tempo Total (s)
1,23,23,-17590,3,0,20x21,76176,0.012215
1,39,39,-42792,12,17,14x22,608400,0.235704
1,24,24,-14299,3,4,21x20,90000,0.014583
1,28,28,-13561,5,3,13x10,164836,0.035154
1,66,66,-344390,21,0,45x64,4888521,4.93822
1,67,67,-262577,6,8,60x29,5189284,5.39209
1,79,79,-406222,18,29,60x49,9985600,14.0403
1,10,10,-514,2,0,3x10,3025,0.000124
1,51,51,-153760,5,1,46x35,1758276,1.10968
1,40,40,-41468,0,33,37x7,672400,0.274112
1,80,80,-402170,30,14,49x57,10497600,15.1054
1,27,27,-8200,0,6,19x4,142884,0.02914
1,13,13,-1521,0,2,8x9,8281,0.000488
1,22,22,-5738,0,1,3x21,64009,0.009036
1,43,43,-52565,7,37,36x6,894916,0.41572
1,25,25,-10231,0,5,13x14,105625,0.018728
1,55,55,-129056,32,5,23x41,2371600,1.73304
1,14,14,-2317,2,0,12x9,11025,0.00074
1,72,72,-327809,34,20,38x52,6906384,8.18858
1,20,20,-3702,1,3,5x12,44100,0.005292
1,15,15,-2145,4,1,6x14,14400,0.001028
1,7,7,-284,4,0,2x7,784,2e-05
1,18,18,-4221,0,5,18x7,29241,0.002824
1,45,45,-100837,1,14,42x25,1071225,0.540092
1,4,4,-24,2,0,1x2,100,4e-06
1,2,2,-6,1,0,1x2,9,0
1,74,74,-179177,12,1,12x48,7700625,9.6
1,65,65,-149380,2,37,57x19,4601025,4.56
1,3,3,-22,0,0,3x1,36,0
1,61,61,-176515,0,23,60x32,3575881,3.12744
1,53,53,-127317,20,0,27x51,2047761,1.38598
1,32,32,-38938,4,2,26x26,278784,0.076424
1,75,75,-427790,21,16,49x55,8122500,10.3761
1,34,34,-46313,0,12,31x14,354025,0.108848
1,36,36,-58367,0,0,30x29,443556,0.149896
1,58,58,-188627,9,4,45x30,2927521,2.33159
1,19,19,-3439,7,2,9x5,36100,0.004112
1,68,68,-292209,8,15,59x50,5503716,5.86481
1,76,76,-356242,10,44,51x30,8561476,11.2153
1,70,70,-209499,47,4,23x66,6175225,6.96223
1,16,16,-4055,0,6,15x8,18496,0.001464
1,29,29,-16356,6,10,20x17,189225,0.043416
1,69,69,-242348,3,0,19x51,5832225,6.38766
1,59,59,-256693,13,1,38x45,3132900,2.57765
1,21,21,-6258,10,1,11x10,53361,0.007008
1,71,71,-454587,9,17,55x34,6533136,7.54727
1,44,44,-70042,17,3,22x34,980100,0.476832
1,62,62,-250979,0,0,25x51,3814209,3.43959
1,41,41,-80497,9,1,29x28,741321,0.315848
1,60,60,-158633,21,28,35x32,3348900,2.84139
1,64,64,-122979,56,10,7x30,4326400,4.13126
1,11,11,-910,0,0,10x7,4356,0.00024
1,31,31,-14896,15,4,14x9,246016,0.063552
1,12,12,-1957,5,1,5x11,6084,0.00032
1,37,37,-29113,9,1,28x19,494209,0.17512
1,42,42,-64769,7,6,35x22,815409,0.363216
1,52,52,-109523,19,0,20x48,1898884,1.24274
1,46,46,-89239,2,18,37x28,1168561,0.613632
1,77,77,-400077,21,2,45x32,9018009,12.0932
1,54,54,-127050,5,12,24x42,2205225,1.54696
1,48,48,-69315,6,5,10x40,1382976,0.783072
1,1,1,-1,0,0,1x1,1,0
1,78,78,-667707,0,0,60x69,9492561,13.0318
1,57,57,-261123,2,6,53x39,2732409,2.11262
1,33,33,-26253,18,6,15x26,314721,0.090912
1,17,17,-4046,2,9,15x8,23409,0.00224
1,6,6,-159,1,0,5x3,441,0
1,56,56,-159220,7,16,48x39,2547216,1.90648
1,50,50,-113440,31,0,19x28,1625625,0.988816
1,9,9,-413,2,1,4x5,2025,8e-05
1,8,8,-333,0,1,7x5,1296,4.8e-05
1,30,30,-23367,5,1,17x28,216225,0.052608
1,49,49,-89671,28,2,14x27,1500625,0.881808
1,5,5,-65,1,0,2x4,225,0
1,63,63,-142194,0,14,17x42,4064256,3.76744
1,38,38,-33909,20,2,17x36,549081,0.204528
1,35,35,-32771,3,8,32x15,396900,0.12744
1,47,47,-69670,0,11,28x20,1272384,0.694688
1,26,26,-19376,2,0,20x25,123201,0.023264
1,73,73,-296417,11,0,39x35,7295401,8.86934
2,23,23,-17590,3,0,20x21,76176,0.015233
2,39,39,-42792,12,17,14x22,608400,0.237252
2,24,24,-14299,3,4,21x20,90000,0.014867
2,28,28,-13561,5,3,13x10,164836,0.035816
2,66,66,-344390,21,0,45x64,4888521,4.93515
2,67,67,-262577,6,8,60x29,5189284,5.38188
2,79,79,-406222,18,29,60x49,9985600,14.0308
2,10,10,-514,2,0,3x10,3025,0.00013
2,51,51,-153760,5,1,46x35,1758276,1.10832
2,40,40,-41468,0,33,37x7,672400,0.27522
2,80,80,-402170,30,14,49x57,10497600,15.1217
2,27,27,-8200,0,6,19x4,142884,0.029188
2,13,13,-1521,0,2,8x9,8281,0.000452
2,22,22,-5738,0,1,3x21,64009,0.008952
2,43,43,-52565,7,37,36x6,894916,0.41598
2,25,25,-10231,0,5,13x14,105625,0.018792
2,55,55,-129056,32,5,23x41,2371600,1.71636
2,14,14,-2317,2,0,12x9,11025,0.000704
2,72,72,-327809,34,20,38x52,6906384,8.18636
2,20,20,-3702,1,3,5x12,44100,0.005204
2,15,15,-2145,4,1,6x14,14400,0.001032
2,7,7,-284,4,0,2x7,784,2e-05
2,18,18,-4221,0,5,18x7,29241,0.002988
2,45,45,-100837,1,14,42x25,1071225,0.539344
2,4,4,-24,2,0,1x2,100,0
2,2,2,-6,1,0,1x2,9,0
2,74,74,-179177,12,1,12x48,7700625,9.60516
2,65,65,-149380,2,37,57x19,4601025,4.53743
2,3,3,-22,0,0,3x1,36,0
2,61,61,-176515,0,23,60x32,3575881,3.13951
2,53,53,-127317,20,0,27x51,2047761,1.41905
2,32,32,-38938,4,2,26x26,278784,0.076184
2,75,75,-427790,21,16,49x55,8122500,10.3962
2,34,34,-46313,0,12,31x14,354025,0.108168
2,36,36,-58367,0,0,30x29,443556,0.149848
2,58,58,-188627,9,4,45x30,2927521,2.33566
2,19,19,-3439,7,2,9x5,36100,0.004152
2,68,68,-292209,8,15,59x50,5503716,5.86806
2,76,76,-356242,10,44,51x30,8561476,11.2112
2,70,70,-209499,47,4,23x66,6175225,6.95134
2,16,16,-4055,0,6,15x8,18496,0.00148
2,29,29,-16356,6,10,20x17,189225,0.043272
2,69,69,-242348,3,0,19x51,5832225,6.38866
2,59,59,-256693,13,1,38x45,3132900,2.60119
2,21,21,-6258,10,1,11x10,53361,0.006968
2,71,71,-454587,9,17,55x34,6533136,7.56699
2,44,44,-70042,17,3,22x34,980100,0.473824
2,62,62,-250979,0,0,25x51,3814209,3.43893
2,41,41,-80497,9,1,29x28,741321,0.316328
2,60,60,-158633,21,28,35x32,3348900,2.83871
2,64,64,-122979,56,10,7x30,4326400,4.12061
2,11,11,-910,0,0,10x7,4356,0.000224
2,31,31,-14896,15,4,14x9,246016,0.063296
2,12,12,-1957,5,1,5x11,6084,0.000272
2,37,37,-29113,9,1,28x19,494209,0.174048
2,42,42,-64769,7,6,35x22,815409,0.36128
2,52,52,-109523,19,0,20x48,1898884,1.24077
2,46,46,-89239,2,18,37x28,1168561,0.611024
2,77,77,-400077,21,2,45x32,9018009,12.0753
2,54,54,-127050,5,12,24x42,2205225,1.54134
2,48,48,-69315,6,5,10x40,1382976,0.78128
2,1,1,-1,0,0,1x1,1,0
2,78,78,-667707,0,0,60x69,9492561,12.9961
2,57,57,-261123,2,6,53x39,2732409,2.11962
2,33,33,-26253,18,6,15x26,314721,0.091392
2,17,17,-4046,2,9,15x8,23409,0.002096
2,6,6,-159,1,0,5x3,441,1.6e-05
2,56,56,-159220,7,16,48x39,2547216,1.91126
2,50,50,-113440,31,0,19x28,1625625,0.99312
2,9,9,-413,2,1,4x5,2025,8e-05
2,8,8,-333,0,1,7x5,1296,4.8e-05
2,30,30,-23367,5,1,17x28,216225,0.053168
2,49,49,-89671,28,2,14x27,1500625,0.88152
2,5,5,-65,1,0,2x4,225,0
2,63,63,-142194,0,14,17x42,4064256,3.77253
2,38,38,-33909,20,2,17x36,549081,0.204192
2,35,35,-32771,3,8,32x15,396900,0.128944
2,47,47,-69670,0,11,28x20,1272384,0.693008
2,26,26,-19376,2,0,20x25,123201,0.02336
2,73,73,-296417,11,0,39x35,7295401,8.86294
3,23,23,-17590,3,0,20x21,76176,0.014465
3,39,39,-42792,12,17,14x22,608400,0.238254
3,24,24,-14299,3,4,21x20,90000,0.014738
3,28,28,-13561,5,3,13x10,164836,0.035612
3,66,66,-344390,21,0,45x64,4888521,4.93806
3,67,67,-262577,6,8,60x29,5189284,5.38259
3,79,79,-406222,18,29,60x49,9985600,14.0409
3,10,10,-514,2,0,3x10,3025,0.00013
3,51,51,-153760,5,1,46x35,1758276,1.11162
3,40,40,-41468,0,33,37x7,672400,0.274008
3,80,80,-402170,30,14,49x57,10497600,15.1065
3,27,27,-8200,0,6,19x4,142884,0.028952
3,13,13,-1521,0,2,8x9,8281,0.000484
3,22,22,-5738,0,1,3x21,64009,0.0091
3,43,43,-52565,7,37,36x6,894916,0.416996
3,25,25,-10231,0,5,13x14,105625,0.01854
3,55,55,-129056,32,5,23x41,2371600,1.71581
3,14,14,-2317,2,0,12x9,11025,0.00068
3,72,72,-327809,34,20,38x52,6906384,8.17292
3,20,20,-3702,1,3,5x12,44100,0.005224
3,15,15,-2145,4,1,6x14,14400,0.001052
3,7,7,-284,4,0,2x7,784,2e-05
3,18,18,-4221,0,5,18x7,29241,0.002896
3,45,45,-100837,1,14,42x25,1071225,0.539976
3,4,4,-24,2,0,1x2,100,0
3,2,2,-6,1,0,1x2,9,0
3,74,74,-179177,12,1,12x48,7700625,9.58973
3,65,65,-149380,2,37,57x19,4601025,4.51456
3,3,3,-22,0,0,3x1,36,4e-06
3,61,61,-176515,0,23,60x32,3575881,3.12477
3,53,53,-127317,20,0,27x51,2047761,1.38687
3,32,32,-38938,4,2,26x26,278784,0.076408
3,75,75,-427790,21,16,49x55,8122500,10.3689
3,34,34,-46313,0,12,31x14,354025,0.107888
3,36,36,-58367,0,0,30x29,443556,0.149776
3,58,58,-188627,9,4,45x30,2927521,2.3323
3,19,19,-3439,7,2,9x5,36100,0.003856
3,68,68,-292209,8,15,59x50,5503716,5.86941
3,76,76,-356242,10,44,51x30,8561476,11.2003
3,70,70,-209499,47,4,23x66,6175225,6.95709
3,16,16,-4055,0,6,15x8,18496,0.001488
3,29,29,-16356,6,10,20x17,189225,0.043376
3,69,69,-242348,3,0,19x51,5832225,6.44472
3,59,59,-256693,13,1,38x45,3132900,2.58144
3,21,21,-6258,10,1,11x10,53361,0.007024
3,71,71,-454587,9,17,55x34,6533136,7.56539
3,44,44,-70042,17,3,22x34,980100,0.473312
3,62,62,-250979,0,0,25x51,3814209,3.44826
3,41,41,-80497,9,1,29x28,741321,0.315368
3,60,60,-158633,21,28,35x32,3348900,2.83675
3,64,64,-122979,56,10,7x30,4326400,4.13008
3,11,11,-910,0,0,10x7,4356,0.000208
3,31,31,-14896,15,4,14x9,246016,0.063872
3,12,12,-1957,5,1,5x11,6084,0.0004
3,37,37,-29113,9,1,28x19,494209,0.17512
3,42,42,-64769,7,6,35x22,815409,0.36264
3,52,52,-109523,19,0,20x48,1898884,1.24115
3,46,46,-89239,2,18,37x28,1168561,0.61144
3,77,77,-400077,21,2,45x32,9018009,12.0763
3,54,54,-127050,5,12,24x42,2205225,1.54403
3,48,48,-69315,6,5,10x40,1382976,0.783072
3,1,1,-1,0,0,1x1,1,0
3,78,78,-667707,0,0,60x69,9492561,13.0904
3,57,57,-261123,2,6,53x39,2732409,2.12706
3,33,33,-26253,18,6,15x26,314721,0.091904
3,17,17,-4046,2,9,15x8,23409,0.00208
3,6,6,-159,1,0,5x3,441,0
3,56,56,-159220,7,16,48x39,2547216,1.90826
3,50,50,-113440,31,0,19x28,1625625,0.988768
3,9,9,-413,2,1,4x5,2025,8e-05
3,8,8,-333,0,1,7x5,1296,4.8e-05
3,30,30,-23367,5,1,17x28,216225,0.053008
3,49,49,-89671,28,2,14x27,1500625,0.881744
3,5,5,-65,1,0,2x4,225,1.6e-05
3,63,63,-142194,0,14,17x42,4064256,3.76502
3,38,38,-33909,20,2,17x36,549081,0.204448
3,35,35,-32771,3,8,32x15,396900,0.127552
3,47,47,-69670,0,11,28x20,1272384,0.693376
3,26,26,-19376,2,0,20x25,123201,0.023248
3,73,73,-296417,11,0,39x35,7295401,8.8563
4,23,23,-17590,3,0,20x21,76176,0.014245
4,39,39,-42792,12,17,14x22,608400,0.237753
4,24,24,-14299,3,4,21x20,90000,0.014721
4,28,28,-13561,5,3,13x10,164836,0.035678
4,66,66,-344390,21,0,45x64,4888521,4.96601
4,67,67,-262577,6,8,60x29,5189284,5.38164
4,79,79,-406222,18,29,60x49,9985600,14.0387
4,10,10,-514,2,0,3x10,3025,0.000112
4,51,51,-153760,5,1,46x35,1758276,1.11006
4,40,40,-41468,0,33,37x7,672400,0.274328
4,80,80,-402170,30,14,49x57,10497600,15.09
4,27,27,-8200,0,6,19x4,142884,0.028848
4,13,13,-1521,0,2,8x9,8281,0.000452
4,22,22,-5738,0,1,3x21,64009,0.008932
4,43,43,-52565,7,37,36x6,894916,0.415188
4,25,25,-10231,0,5,13x14,105625,0.01872
4,55,55,-129056,32,5,23x41,2371600,1.71718
4,14,14,-2317,2,0,12x9,11025,0.000696
4,72,72,-327809,34,20,38x52,6906384,8.17254
4,20,20,-3702,1,3,5x12,44100,0.00536
4,15,15,-2145,4,1,6x14,14400,0.001012
4,7,7,-284,4,0,2x7,784,2e-05
4,18,18,-4221,0,5,18x7,29241,0.003028
4,45,45,-100837,1,14,42x25,1071225,0.53964
4,4,4,-24,2,0,1x2,100,0
4,2,2,-6,1,0,1x2,9,0
4,74,74,-179177,12,1,12x48,7700625,9.60708
4,65,65,-149380,2,37,57x19,4601025,4.50126
4,3,3,-22,0,0,3x1,36,0
4,61,61,-176515,0,23,60x32,3575881,3.12701
4,53,53,-127317,20,0,27x51,2047761,1.3873
4,32,32,-38938,4,2,26x26,278784,0.076912
4,75,75,-427790,21,16,49x55,8122500,10.396
4,34,34,-46313,0,12,31x14,354025,0.108512
4,36,36,-58367,0,0,30x29,443556,0.150248
4,58,58,-188627,9,4,45x30,2927521,2.33741
4,19,19,-3439,7,2,9x5,36100,0.003888
4,68,68,-292209,8,15,59x50,5503716,5.8695
4,76,76,-356242,10,44,51x30,8561476,11.1882
4,70,70,-209499,47,4,23x66,6175225,6.93185
4,16,16,-4055,0,6,15x8,18496,0.001448
4,29,29,-16356,6,10,20x17,189225,0.043088
4,69,69,-242348,3,0,19x51,5832225,6.37509
4,59,59,-256693,13,1,38x45,3132900,2.56374
4,21,21,-6258,10,1,11x10,53361,0.006696
4,71,71,-454587,9,17,55x34,6533136,7.52998
4,44,44,-70042,17,3,22x34,980100,0.470664
4,62,62,-250979,0,0,25x51,3814209,3.43022
4,41,41,-80497,9,1,29x28,741321,0.314784
4,60,60,-158633,21,28,35x32,3348900,2.84284
4,64,64,-122979,56,10,7x30,4326400,4.12955
4,11,11,-910,0,0,10x7,4356,0.000192
4,31,31,-14896,15,4,14x9,246016,0.063088
4,12,12,-1957,5,1,5x11,6084,0.000304
4,37,37,-29113,9,1,28x19,494209,0.174496
4,42,42,-64769,7,6,35x22,815409,0.361664
4,52,52,-109523,19,0,20x48,1898884,1.24067
4,46,46,-89239,2,18,37x28,1168561,0.609888
4,77,77,-400077,21,2,45x32,9018009,12.0589
4,54,54,-127050,5,12,24x42,2205225,1.54534
4,48,48,-69315,6,5,10x40,1382976,0.780608
4,1,1,-1,0,0,1x1,1,0
4,78,78,-667707,0,0,60x69,9492561,13.0225
4,57,57,-261123,2,6,53x39,2732409,2.10886
4,33,33,-26253,18,6,15x26,314721,0.090704
4,17,17,-4046,2,9,15x8,23409,0.002032
4,6,6,-159,1,0,5x3,441,0
4,56,56,-159220,7,16,48x39,2547216,1.90514
4,50,50,-113440,31,0,19x28,1625625,0.989216
4,9,9,-413,2,1,4x5,2025,8e-05
4,8,8,-333,0,1,7x5,1296,3.2e-05
4,30,30,-23367,5,1,17x28,216225,0.0524
4,49,49,-89671,28,2,14x27,1500625,0.877024
4,5,5,-65,1,0,2x4,225,1.6e-05
4,63,63,-142194,0,14,17x42,4064256,3.75619
4,38,38,-33909,20,2,17x36,549081,0.203152
4,35,35,-32771,3,8,32x15,396900,0.126256
4,47,47,-69670,0,11,28x20,1272384,0.687984
4,26,26,-19376,2,0,20x25,123201,0.022944
4,73,73,-296417,11,0,39x35,7295401,8.85214
5,23,23,-17590,3,0,20x21,76176,0.011406
5,39,39,-42792,12,17,14x22,608400,0.234804
5,24,24,-14299,3,4,21x20,90000,0.01472
5,28,28,-13561,5,3,13x10,164836,0.034933
5,66,66,-344390,21,0,45x64,4888521,4.92367
5,67,67,-262577,6,8,60x29,5189284,5.37157
5,79,79,-406222,18,29,60x49,9985600,13.995
5,10,10,-514,2,0,3x10,3025,0.000142
5,51,51,-153760,5,1,46x35,1758276,1.10274
5,40,40,-41468,0,33,37x7,672400,0.271738
5,80,80,-402170,30,14,49x57,10497600,15.089
5,27,27,-8200,0,6,19x4,142884,0.028372
5,13,13,-1521,0,2,8x9,8281,0.000444
5,22,22,-5738,0,1,3x21,64009,0.008864
5,43,43,-52565,7,37,36x6,894916,0.413032
5,25,25,-10231,0,5,13x14,105625,0.018316
5,55,55,-129056,32,5,23x41,2371600,1.7094
5,14,14,-2317,2,0,12x9,11025,0.000764
5,72,72,-327809,34,20,38x52,6906384,8.14766
5,20,20,-3702,1,3,5x12,44100,0.005084
5,15,15,-2145,4,1,6x14,14400,0.000984
5,7,7,-284,4,0,2x7,784,2e-05
5,18,18,-4221,0,5,18x7,29241,0.0028
5,45,45,-100837,1,14,42x25,1071225,0.5374
5,4,4,-24,2,0,1x2,100,4e-06
5,2,2,-6,1,0,1x2,9,0
5,74,74,-179177,12,1,12x48,7700625,9.57762
5,65,65,-149380,2,37,57x19,4601025,4.51968
5,3,3,-22,0,0,3x1,36,0
5,61,61,-176515,0,23,60x32,3575881,3.12946
5,53,53,-127317,20,0,27x51,2047761,1.38658
5,32,32,-38938,4,2,26x26,278784,0.075664
5,75,75,-427790,21,16,49x55,8122500,10.3664
5,34,34,-46313,0,12,31x14,354025,0.107264
5,36,36,-58367,0,0,30x29,443556,0.147936
5,58,58,-188627,9,4,45x30,2927521,2.32339
5,19,19,-3439,7,2,9x5,36100,0.003816
5,68,68,-292209,8,15,59x50,5503716,5.84938
5,76,76,-356242,10,44,51x30,8561476,11.2144
5,70,70,-209499,47,4,23x66,6175225,6.94317
5,16,16,-4055,0,6,15x8,18496,0.001616
5,29,29,-16356,6,10,20x17,189225,0.043384
5,69,69,-242348,3,0,19x51,5832225,6.38808
5,59,59,-256693,13,1,38x45,3132900,2.5799
5,21,21,-6258,10,1,11x10,53361,0.006864
5,71,71,-454587,9,17,55x34,6533136,7.54064
5,44,44,-70042,17,3,22x34,980100,0.474696
5,62,62,-250979,0,0,25x51,3814209,3.43246
5,41,41,-80497,9,1,29x28,741321,0.316208
5,60,60,-158633,21,28,35x32,3348900,2.84222
5,64,64,-122979,56,10,7x30,4326400,4.12926
5,11,11,-910,0,0,10x7,4356,0.000224
5,31,31,-14896,15,4,14x9,246016,0.063472
5,12,12,-1957,5,1,5x11,6084,0.00032
5,37,37,-29113,9,1,28x19,494209,0.175584
5,42,42,-64769,7,6,35x22,815409,0.362736
5,52,52,-109523,19,0,20x48,1898884,1.24062
5,46,46,-89239,2,18,37x28,1168561,0.614416
5,77,77,-400077,21,2,45x32,9018009,12.0991
5,54,54,-127050,5,12,24x42,2205225,1.54355
5,48,48,-69315,6,5,10x40,1382976,0.781008
5,1,1,-1,0,0,1x1,1,0
5,78,78,-667707,0,0,60x69,9492561,12.9869
5,57,57,-261123,2,6,53x39,2732409,2.10237
5,33,33,-26253,18,6,15x26,314721,0.090048
5,17,17,-4046,2,9,15x8,23409,0.002016
5,6,6,-159,1,0,5x3,441,0
5,56,56,-159220,7,16,48x39,2547216,1.89554
5,50,50,-113440,31,0,19x28,1625625,0.984048
5,9,9,-413,2,1,4x5,2025,6.4e-05
5,8,8,-333,0,1,7x5,1296,4.8e-05
5,30,30,-23367,5,1,17x28,216225,0.052016
5,49,49,-89671,28,2,14x27,1500625,0.875536
5,5,5,-65,1,0,2x4,225,1.6e-05
5,63,63,-142194,0,14,17x42,4064256,3.75645
5,38,38,-33909,20,2,17x36,549081,0.202368
5,35,35,-32771,3,8,32x15,396900,0.126144
5,47,47,-69670,0,11,28x20,1272384,0.689328
5,26,26,-19376,2,0,20x25,123201,0.022784
5,73,73,-296417,11,0,39x35,7295401,8.87363
6,23,23,-17590,3,0,20x21,76176,0.01296
6,39,39,-42792,12,17,14x22,608400,0.23898
6,24,24,-14299,3,4,21x20,90000,0.014826
6,28,28,-13561,5,3,13x10,164836,0.035554
6,66,66,-344390,21,0,45x64,4888521,4.93317
6,67,67,-262577,6,8,60x29,5189284,5.38917
6,79,79,-406222,18,29,60x49,9985600,14.0289
6,10,10,-514,2,0,3x10,3025,0.000124
6,51,51,-153760,5,1,46x35,1758276,1.11128
6,40,40,-41468,0,33,37x7,672400,0.274626
6,80,80,-402170,30,14,49x57,10497600,15.1012
6,27,27,-8200,0,6,19x4,142884,0.028832
6,13,13,-1521,0,2,8x9,8281,0.000588
6,22,22,-5738,0,1,3x21,64009,0.009088
6,43,43,-52565,7,37,36x6,894916,0.414696
6,25,25,-10231,0,5,13x14,105625,0.0187
6,55,55,-129056,32,5,23x41,2371600,1.72031
6,14,14,-2317,2,0,12x9,11025,0.000668
6,72,72,-327809,34,20,38x52,6906384,8.18394
6,20,20,-3702,1,3,5x12,44100,0.0052
6,15,15,-2145,4,1,6x14,14400,0.001024
6,7,7,-284,4,0,2x7,784,1.6e-05
6,18,18,-4221,0,5,18x7,29241,0.00294
6,45,45,-100837,1,14,42x25,1071225,0.539888
6,4,4,-24,2,0,1x2,100,0
6,2,2,-6,1,0,1x2,9,0
6,74,74,-179177,12,1,12x48,7700625,9.66818
6,65,65,-149380,2,37,57x19,4601025,4.51915
6,3,3,-22,0,0,3x1,36,4e-06
6,61,61,-176515,0,23,60x32,3575881,3.12283
6,53,53,-127317,20,0,27x51,2047761,1.38409
6,32,32,-38938,4,2,26x26,278784,0.076224
6,75,75,-427790,21,16,49x55,8122500,10.3704
6,34,34,-46313,0,12,31x14,354025,0.107792
6,36,36,-58367,0,0,30x29,443556,0.150432
6,58,58,-188627,9,4,45x30,2927521,2.33498
6,19,19,-3439,7,2,9x5,36100,0.003912
6,68,68,-292209,8,15,59x50,5503716,5.86515
6,76,76,-356242,10,44,51x30,8561476,11.2005
6,70,70,-209499,47,4,23x66,6175225,6.95114
6,16,16,-4055,0,6,15x8,18496,0.001448
6,29,29,-16356,6,10,20x17,189225,0.043616
6,69,69,-242348,3,0,19x51,5832225,6.3857
6,59,59,-256693,13,1,38x45,3132900,2.57648
6,21,21,-6258,10,1,11x10,53361,0.006904
6,71,71,-454587,9,17,55x34,6533136,7.54106
6,44,44,-70042,17,3,22x34,980100,0.473688
6,62,62,-250979,0,0,25x51,3814209,3.43574
6,41,41,-80497,9,1,29x28,741321,0.315064
6,60,60,-158633,21,28,35x32,3348900,2.84803
6,64,64,-122979,56,10,7x30,4326400,4.13201
6,11,11,-910,0,0,10x7,4356,0.000176
6,31,31,-14896,15,4,14x9,246016,0.063712
6,12,12,-1957,5,1,5x11,6084,0.000416
6,37,37,-29113,9,1,28x19,494209,0.174432
6,42,42,-64769,7,6,35x22,815409,0.362944
6,52,52,-109523,19,0,20x48,1898884,1.2431
6,46,46,-89239,2,18,37x28,1168561,0.610784
6,77,77,-400077,21,2,45x32,9018009,12.1024
6,54,54,-127050,5,12,24x42,2205225,1.54822
6,48,48,-69315,6,5,10x40,1382976,0.783312
6,1,1,-1,0,0,1x1,1,0
6,78,78,-667707,0,0,60x69,9492561,13.0554
6,57,57,-261123,2,6,53x39,2732409,2.11016
6,33,33,-26253,18,6,15x26,314721,0.091184
6,17,17,-4046,2,9,15x8,23409,0.002048
6,6,6,-159,1,0,5x3,441,0
6,56,56,-159220,7,16,48x39,2547216,1.9087
6,50,50,-113440,31,0,19x28,1625625,0.990064
6,9,9,-413,2,1,4x5,2025,6.4e-05
6,8,8,-333,0,1,7x5,1296,4.8e-05
6,30,30,-23367,5,1,17x28,216225,0.052512
6,49,49,-89671,28,2,14x27,1500625,0.880592
6,5,5,-65,1,0,2x4,225,0
6,63,63,-142194,0,14,17x42,4064256,3.77037
6,38,38,-33909,20,2,17x36,549081,0.203696
6,35,35,-32771,3,8,32x15,396900,0.127792
6,47,47,-69670,0,11,28x20,1272384,0.691488
6,26,26,-19376,2,0,20x25,123201,0.02336
6,73,73,-296417,11,0,39x35,7295401,8.85733
7,23,23,-17590,3,0,20x21,76176,0.011598
7,39,39,-42792,12,17,14x22,608400,0.236485
7,24,24,-14299,3,4,21x20,90000,0.014765
7,28,28,-13561,5,3,13x10,164836,0.035595
7,66,66,-344390,21,0,45x64,4888521,4.93506
7,67,67,-262577,6,8,60x29,5189284,5.40104
7,79,79,-406222,18,29,60x49,9985600,14.0122
7,10,10,-514,2,0,3x10,3025,0.000132
7,51,51,-153760,5,1,46x35,1758276,1.1105
7,40,40,-41468,0,33,37x7,672400,0.27488
7,80,80,-402170,30,14,49x57,10497600,15.1221
7,27,27,-8200,0,6,19x4,142884,0.02922
7,13,13,-1521,0,2,8x9,8281,0.00048
7,22,22,-5738,0,1,3x21,64009,0.008964
7,43,43,-52565,7,37,36x6,894916,0.417824
7,25,25,-10231,0,5,13x14,105625,0.018796
7,55,55,-129056,32,5,23x41,2371600,1.7203
7,14,14,-2317,2,0,12x9,11025,0.000876
7,72,72,-327809,34,20,38x52,6906384,8.1873
7,20,20,-3702,1,3,5x12,44100,0.0052
7,15,15,-2145,4,1,6x14,14400,0.001016
7,7,7,-284,4,0,2x7,784,1.6e-05
7,18,18,-4221,0,5,18x7,29241,0.00284
7,45,45,-100837,1,14,42x25,1071225,0.539932
7,4,4,-24,2,0,1x2,100,4e-06
7,2,2,-6,1,0,1x2,9,0
7,74,74,-179177,12,1,12x48,7700625,9.6067
7,65,65,-149380,2,37,57x19,4601025,4.53117
7,3,3,-22,0,0,3x1,36,0
7,61,61,-176515,0,23,60x32,3575881,3.13051
7,53,53,-127317,20,0,27x51,2047761,1.39035
7,32,32,-38938,4,2,26x26,278784,0.076608
7,75,75,-427790,21,16,49x55,8122500,10.3614
7,34,34,-46313,0,12,31x14,354025,0.1084
7,36,36,-58367,0,0,30x29,443556,0.150168
7,58,58,-188627,9,4,45x30,2927521,2.36437
7,19,19,-3439,7,2,9x5,36100,0.004304
7,68,68,-292209,8,15,59x50,5503716,5.86751
7,76,76,-356242,10,44,51x30,8561476,11.2033
7,70,70,-209499,47,4,23x66,6175225,6.94409
7,16,16,-4055,0,6,15x8,18496,0.001456
7,29,29,-16356,6,10,20x17,189225,0.043656
7,69,69,-242348,3,0,19x51,5832225,6.39418
7,59,59,-256693,13,1,38x45,3132900,2.60226
7,21,21,-6258,10,1,11x10,53361,0.006848
7,71,71,-454587,9,17,55x34,6533136,7.59136
7,44,44,-70042,17,3,22x34,980100,0.476752
7,62,62,-250979,0,0,25x51,3814209,3.44302
7,41,41,-80497,9,1,29x28,741321,0.314696
7,60,60,-158633,21,28,35x32,3348900,2.84126
7,64,64,-122979,56,10,7x30,4326400,4.12962
7,11,11,-910,0,0,10x7,4356,0.000256
7,31,31,-14896,15,4,14x9,246016,0.063824
7,12,12,-1957,5,1,5x11,6084,0.000336
7,37,37,-29113,9,1,28x19,494209,0.175216
7,42,42,-64769,7,6,35x22,815409,0.362752
7,52,52,-109523,19,0,20x48,1898884,1.24285
7,46,46,-89239,2,18,37x28,1168561,0.611904
7,77,77,-400077,21,2,45x32,9018009,12.0884
7,54,54,-127050,5,12,24x42,2205225,1.54392
7,48,48,-69315,6,5,10x40,1382976,0.782816
7,1,1,-1,0,0,1x1,1,0
7,78,78,-667707,0,0,60x69,9492561,13.0368
7,57,57,-261123,2,6,53x39,2732409,2.11821
7,33,33,-26253,18,6,15x26,314721,0.091232
7,17,17,-4046,2,9,15x8,23409,0.00208
7,6,6,-159,1,0,5x3,441,0
7,56,56,-159220,7,16,48x39,2547216,1.9057
7,50,50,-113440,31,0,19x28,1625625,0.992816
7,9,9,-413,2,1,4x5,2025,9.6e-05
7,8,8,-333,0,1,7x5,1296,4.8e-05
7,30,30,-23367,5,1,17x28,216225,0.052592
7,49,49,-89671,28,2,14x27,1500625,0.882992
7,5,5,-65,1,0,2x4,225,1.6e-05
7,63,63,-142194,0,14,17x42,4064256,3.80394
7,38,38,-33909,20,2,17x36,549081,0.204336
7,35,35,-32771,3,8,32x15,396900,0.127872
7,47,47,-69670,0,11,28x20,1272384,0.69784
7,26,26,-19376,2,0,20x25,123201,0.023296
7,73,73,-296417,11,0,39x35,7295401,8.88486
8,23,23,-17590,3,0,20x21,76176,0.011882
8,39,39,-42792,12,17,14x22,608400,0.234553
8,24,24,-14299,3,4,21x20,90000,0.014526
8,28,28,-13561,5,3,13x10,164836,0.035422
8,66,66,-344390,21,0,45x64,4888521,4.94032
8,67,67,-262577,6,8,60x29,5189284,5.40311
8,79,79,-406222,18,29,60x49,9985600,14.0719
8,10,10,-514,2,0,3x10,3025,0.000108
8,51,51,-153760,5,1,46x35,1758276,1.10884
8,40,40,-41468,0,33,37x7,672400,0.273056
8,80,80,-402170,30,14,49x57,10497600,15.1506
8,27,27,-8200,0,6,19x4,142884,0.029068
8,13,13,-1521,0,2,8x9,8281,0.000436
8,22,22,-5738,0,1,3x21,64009,0.008964
8,43,43,-52565,7,37,36x6,894916,0.415524
8,25,25,-10231,0,5,13x14,105625,0.01844
8,55,55,-129056,32,5,23x41,2371600,1.72263
8,14,14,-2317,2,0,12x9,11025,0.00068
8,72,72,-327809,34,20,38x52,6906384,8.19265
8,20,20,-3702,1,3,5x12,44100,0.005128
8,15,15,-2145,4,1,6x14,14400,0.001048
8,7,7,-284,4,0,2x7,784,1.6e-05
8,18,18,-4221,0,5,18x7,29241,0.002844
8,45,45,-100837,1,14,42x25,1071225,0.537424
8,4,4,-24,2,0,1x2,100,0
8,2,2,-6,1,0,1x2,9,0
8,74,74,-179177,12,1,12x48,7700625,9.60616
8,65,65,-149380,2,37,57x19,4601025,4.52312
8,3,3,-22,0,0,3x1,36,0
8,61,61,-176515,0,23,60x32,3575881,3.12913
8,53,53,-127317,20,0,27x51,2047761,1.38709
8,32,32,-38938,4,2,26x26,278784,0.076208
8,75,75,-427790,21,16,49x55,8122500,10.3931
8,34,34,-46313,0,12,31x14,354025,0.10772
8,36,36,-58367,0,0,30x29,443556,0.149176
8,58,58,-188627,9,4,45x30,2927521,2.33428
8,19,19,-3439,7,2,9x5,36100,0.003808
8,68,68,-292209,8,15,59x50,5503716,5.8813
8,76,76,-356242,10,44,51x30,8561476,11.2693
8,70,70,-209499,47,4,23x66,6175225,6.99656
8,16,16,-4055,0,6,15x8,18496,0.001432
8,29,29,-16356,6,10,20x17,189225,0.042944
8,69,69,-242348,3,0,19x51,5832225,6.41926
8,59,59,-256693,13,1,38x45,3132900,2.57871
8,21,21,-6258,10,1,11x10,53361,0.00688
8,71,71,-454587,9,17,55x34,6533136,7.57998
8,44,44,-70042,17,3,22x34,980100,0.475664
8,62,62,-250979,0,0,25x51,3814209,3.43587
8,41,41,-80497,9,1,29x28,741321,0.316048
8,60,60,-158633,21,28,35x32,3348900,2.8369
8,64,64,-122979,56,10,7x30,4326400,4.12982
8,11,11,-910,0,0,10x7,4356,0.000208
8,31,31,-14896,15,4,14x9,246016,0.06352
8,12,12,-1957,5,1,5x11,6084,0.000304
8,37,37,-29113,9,1,28x19,494209,0.175376
8,42,42,-64769,7,6,35x22,815409,0.362608
8,52,52,-109523,19,0,20x48,1898884,1.24064
8,46,46,-89239,2,18,37x28,1168561,0.613248
8,77,77,-400077,21,2,45x32,9018009,12.0896
8,54,54,-127050,5,12,24x42,2205225,1.54661
8,48,48,-69315,6,5,10x40,1382976,0.7824
8,1,1,-1,0,0,1x1,1,0
8,78,78,-667707,0,0,60x69,9492561,13.0575
8,57,57,-261123,2,6,53x39,2732409,2.11301
8,33,33,-26253,18,6,15x26,314721,0.091008
8,17,17,-4046,2,9,15x8,23409,0.002048
8,6,6,-159,1,0,5x3,441,1.6e-05
8,56,56,-159220,7,16,48x39,2547216,1.90416
8,50,50,-113440,31,0,19x28,1625625,0.989664
8,9,9,-413,2,1,4x5,2025,8e-05
8,8,8,-333,0,1,7x5,1296,4.8e-05
8,30,30,-23367,5,1,17x28,216225,0.053088
8,49,49,-89671,28,2,14x27,1500625,0.881712
8,5,5,-65,1,0,2x4,225,0
8,63,63,-142194,0,14,17x42,4064256,3.7675
8,38,38,-33909,20,2,17x36,549081,0.204192
8,35,35,-32771,3,8,32x15,396900,0.127344
8,47,47,-69670,0,11,28x20,1272384,0.693248
8,26,26,-19376,2,0,20x25,123201,0.023648
8,73,73,-296417,11,0,39x35,7295401,8.86186
9,23,23,-17590,3,0,20x21,76176,0.01681
9,39,39,-42792,12,17,14x22,608400,0.290589
9,24,24,-14299,3,4,21x20,90000,0.014751
9,28,28,-13561,5,3,13x10,164836,0.035724
9,66,66,-344390,21,0,45x64,4888521,4.9353
9,67,67,-262577,6,8,60x29,5189284,5.38735
9,79,79,-406222,18,29,60x49,9985600,14.1923
9,10,10,-514,2,0,3x10,3025,0.000108
9,51,51,-153760,5,1,46x35,1758276,1.11262
9,40,40,-41468,0,33,37x7,672400,0.27515
9,80,80,-402170,30,14,49x57,10497600,15.1548
9,27,27,-8200,0,6,19x4,142884,0.02894
9,13,13,-1521,0,2,8x9,8281,0.000492
9,22,22,-5738,0,1,3x21,64009,0.009012
9,43,43,-52565,7,37,36x6,894916,0.415444
9,25,25,-10231,0,5,13x14,105625,0.01852
9,55,55,-129056,32,5,23x41,2371600,1.71636
9,14,14,-2317,2,0,12x9,11025,0.000704
9,72,72,-327809,34,20,38x52,6906384,8.17782
9,20,20,-3702,1,3,5x12,44100,0.005324
9,15,15,-2145,4,1,6x14,14400,0.001
9,7,7,-284,4,0,2x7,784,1.6e-05
9,18,18,-4221,0,5,18x7,29241,0.003004
9,45,45,-100837,1,14,42x25,1071225,0.541276
9,4,4,-24,2,0,1x2,100,0
9,2,2,-6,1,0,1x2,9,4e-06
9,74,74,-179177,12,1,12x48,7700625,9.60344
9,65,65,-149380,2,37,57x19,4601025,4.51797
9,3,3,-22,0,0,3x1,36,0
9,61,61,-176515,0,23,60x32,3575881,3.12633
9,53,53,-127317,20,0,27x51,2047761,1.38642
9,32,32,-38938,4,2,26x26,278784,0.076264
9,75,75,-427790,21,16,49x55,8122500,10.373
9,34,34,-46313,0,12,31x14,354025,0.107288
9,36,36,-58367,0,0,30x29,443556,0.148464
9,58,58,-188627,9,4,45x30,2927521,2.32951
9,19,19,-3439,7,2,9x5,36100,0.003784
9,68,68,-292209,8,15,59x50,5503716,5.88618
9,76,76,-356242,10,44,51x30,8561476,11.1951
9,70,70,-209499,47,4,23x66,6175225,6.94252
9,16,16,-4055,0,6,15x8,18496,0.00152
9,29,29,-16356,6,10,20x17,189225,0.042936
9,69,69,-242348,3,0,19x51,5832225,6.42154
9,59,59,-256693,13,1,38x45,3132900,2.57438
9,21,21,-6258,10,1,11x10,53361,0.006976
9,71,71,-454587,9,17,55x34,6533136,7.64225
9,44,44,-70042,17,3,22x34,980100,0.480112
9,62,62,-250979,0,0,25x51,3814209,3.48954
9,41,41,-80497,9,1,29x28,741321,0.317416
9,60,60,-158633,21,28,35x32,3348900,2.86233
9,64,64,-122979,56,10,7x30,4326400,4.14025
9,11,11,-910,0,0,10x7,4356,0.000176
9,31,31,-14896,15,4,14x9,246016,0.063152
9,12,12,-1957,5,1,5x11,6084,0.000288
9,37,37,-29113,9,1,28x19,494209,0.174832
9,42,42,-64769,7,6,35x22,815409,0.363504
9,52,52,-109523,19,0,20x48,1898884,1.24389
9,46,46,-89239,2,18,37x28,1168561,0.615872
9,77,77,-400077,21,2,45x32,9018009,12.1851
9,54,54,-127050,5,12,24x42,2205225,1.54242
9,48,48,-69315,6,5,10x40,1382976,0.783216
9,1,1,-1,0,0,1x1,1,0
9,78,78,-667707,0,0,60x69,9492561,13.0256
9,57,57,-261123,2,6,53x39,2732409,2.10653
9,33,33,-26253,18,6,15x26,314721,0.0908
9,17,17,-4046,2,9,15x8,23409,0.002032
9,6,6,-159,1,0,5x3,441,0
9,56,56,-159220,7,16,48x39,2547216,1.89882
9,50,50,-113440,31,0,19x28,1625625,0.987328
9,9,9,-413,2,1,4x5,2025,8e-05
9,8,8,-333,0,1,7x5,1296,3.2e-05
9,30,30,-23367,5,1,17x28,216225,0.052176
9,49,49,-89671,28,2,14x27,1500625,0.876672
9,5,5,-65,1,0,2x4,225,1.6e-05
9,63,63,-142194,0,14,17x42,4064256,3.76642
9,38,38,-33909,20,2,17x36,549081,0.203168
9,35,35,-32771,3,8,32x15,396900,0.12664
9,47,47,-69670,0,11,28x20,1272384,0.6952
9,26,26,-19376,2,0,20x25,123201,0.023168
9,73,73,-296417,11,0,39x35,7295401,8.87395
10,23,23,-17590,3,0,20x21,76176,0.015035
10,39,39,-42792,12,17,14x22,608400,0.236172
10,24,24,-14299,3,4,21x20,90000,0.014687
10,28,28,-13561,5,3,13x10,164836,0.035227
10,66,66,-344390,21,0,45x64,4888521,4.94947
10,67,67,-262577,6,8,60x29,5189284,5.37664
10,79,79,-406222,18,29,60x49,9985600,14.0453
10,10,10,-514,2,0,3x10,3025,0.000128
10,51,51,-153760,5,1,46x35,1758276,1.1095
10,40,40,-41468,0,33,37x7,672400,0.284136
10,80,80,-402170,30,14,49x57,10497600,15.1001
10,27,27,-8200,0,6,19x4,142884,0.0288
10,13,13,-1521,0,2,8x9,8281,0.00046
10,22,22,-5738,0,1,3x21,64009,0.008952
10,43,43,-52565,7,37,36x6,894916,0.414976
10,25,25,-10231,0,5,13x14,105625,0.01868
10,55,55,-129056,32,5,23x41,2371600,1.71839
10,14,14,-2317,2,0,12x9,11025,0.000688
10,72,72,-327809,34,20,38x52,6906384,8.17807
10,20,20,-3702,1,3,5x12,44100,0.005428
10,15,15,-2145,4,1,6x14,14400,0.001016
10,7,7,-284,4,0,2x7,784,2e-05
10,18,18,-4221,0,5,18x7,29241,0.003148
10,45,45,-100837,1,14,42x25,1071225,0.539956
10,4,4,-24,2,0,1x2,100,0
10,2,2,-6,1,0,1x2,9,4e-06
10,74,74,-179177,12,1,12x48,7700625,9.58936
10,65,65,-149380,2,37,57x19,4601025,4.52123
10,3,3,-22,0,0,3x1,36,0
10,61,61,-176515,0,23,60x32,3575881,3.12575
10,53,53,-127317,20,0,27x51,2047761,1.38454
10,32,32,-38938,4,2,26x26,278784,0.076368
10,75,75,-427790,21,16,49x55,8122500,10.3614
10,34,34,-46313,0,12,31x14,354025,0.108392
10,36,36,-58367,0,0,30x29,443556,0.150296
10,58,58,-188627,9,4,45x30,2927521,2.33579
10,19,19,-3439,7,2,9x5,36100,0.003896
10,68,68,-292209,8,15,59x50,5503716,5.86681
10,76,76,-356242,10,44,51x30,8561476,11.2042
10,70,70,-209499,47,4,23x66,6175225,7.05676
10,16,16,-4055,0,6,15x8,18496,0.001616
10,29,29,-16356,6,10,20x17,189225,0.043368
10,69,69,-242348,3,0,19x51,5832225,6.44757
10,59,59,-256693,13,1,38x45,3132900,2.57994
10,21,21,-6258,10,1,11x10,53361,0.007048
10,71,71,-454587,9,17,55x34,6533136,7.5481
10,44,44,-70042,17,3,22x34,980100,0.472704
10,62,62,-250979,0,0,25x51,3814209,3.43722
10,41,41,-80497,9,1,29x28,741321,0.31536
10,60,60,-158633,21,28,35x32,3348900,2.84731
10,64,64,-122979,56,10,7x30,4326400,4.13003
10,11,11,-910,0,0,10x7,4356,0.000192
10,31,31,-14896,15,4,14x9,246016,0.063712
10,12,12,-1957,5,1,5x11,6084,0.000336
10,37,37,-29113,9,1,28x19,494209,0.175568
10,42,42,-64769,7,6,35x22,815409,0.363264
10,52,52,-109523,19,0,20x48,1898884,1.24534
10,46,46,-89239,2,18,37x28,1168561,0.615792
10,77,77,-400077,21,2,45x32,9018009,12.0946
10,54,54,-127050,5,12,24x42,2205225,1.54578
10,48,48,-69315,6,5,10x40,1382976,0.784
10,1,1,-1,0,0,1x1,1,0
10,78,78,-667707,0,0,60x69,9492561,13.0394
10,57,57,-261123,2,6,53x39,2732409,2.11042
10,33,33,-26253,18,6,15x26,314721,0.091952
10,17,17,-4046,2,9,15x8,23409,0.002144
10,6,6,-159,1,0,5x3,441,1.6e-05
10,56,56,-159220,7,16,48x39,2547216,1.90638
10,50,50,-113440,31,0,19x28,1625625,0.993024
10,9,9,-413,2,1,4x5,2025,6.4e-05
10,8,8,-333,0,1,7x5,1296,3.2e-05
10,30,30,-23367,5,1,17x28,216225,0.052688
10,49,49,-89671,28,2,14x27,1500625,0.877488
10,5,5,-65,1,0,2x4,225,0
10,63,63,-142194,0,14,17x42,4064256,3.76477
10,38,38,-33909,20,2,17x36,549081,0.205216
10,35,35,-32771,3,8,32x15,396900,0.128
10,47,47,-69670,0,11,28x20,1272384,0.694416
10,26,26,-19376,2,0,20x25,123201,0.0236
10,73,73,-296417,11,0,39x35,7295401,8.86565
